Name,PersonID,Team,HeadshotURL
Precious Achiuwa,1630173,Sacramento Kings,https://cdn.nba.com/headshots/nba/latest/1040x760/1630173.png
Steven Adams,203500,Houston Rockets,https://cdn.nba.com/headshots/nba/latest/1040x760/203500.png
Bam Adebayo,1628389,Miami Heat,https://cdn.nba.com/headshots/nba/latest/1040x760/1628389.png
Ochai Agbaji,1630534,Toronto Raptors,https://cdn.nba.com/headshots/nba/latest/1040x760/1630534.png
Santi Aldama,1630583,Memphis Grizzlies,https://cdn.nba.com/headshots/nba/latest/1040x760/1630583.png
Trey Alexander,1641725,New Orleans Pelicans,https://cdn.nba.com/headshots/nba/latest/1040x760/1641725.png
Nickeil Alexander-Walker,1629638,Atlanta Hawks,https://cdn.nba.com/headshots/nba/latest/1040x760/1629638.png
Grayson Allen,1628960,Phoenix Suns,https://cdn.nba.com/headshots/nba/latest/1040x760/1628960.png
Jarrett Allen,1628386,Cleveland Cavaliers,https://cdn.nba.com/headshots/nba/latest/1040x760/1628386.png
Jose Alvarado,1630631,New Orleans Pelicans,https://cdn.nba.com/headshots/nba/latest/1040x760/1630631.png
Kyle Anderson,203937,Utah Jazz,https://cdn.nba.com/headshots/nba/latest/1040x760/203937.png
Alex Antetokounmpo,1630828,Milwaukee Bucks,https://cdn.nba.com/headshots/nba/latest/1040x760/1630828.png
Giannis Antetokounmpo,203507,Milwaukee Bucks,https://cdn.nba.com/headshots/nba/latest/1040x760/203507.png
Thanasis Antetokounmpo,203648,Milwaukee Bucks,https://cdn.nba.com/headshots/nba/latest/1040x760/203648.png
Cole Anthony,1630175,Milwaukee Bucks,https://cdn.nba.com/headshots/nba/latest/1040x760/1630175.png
OG Anunoby,1628384,New York Knicks,https://cdn.nba.com/headshots/nba/latest/1040x760/1628384.png
Deni Avdija,1630166,Portland Trail Blazers,https://cdn.nba.com/headshots/nba/latest/1040x760/1630166.png
Deandre Ayton,1629028,Los Angeles Lakers,https://cdn.nba.com/headshots/nba/latest/1040x760/1629028.png
Marvin Bagley III,1628963,Washington Wizards,https://cdn.nba.com/headshots/nba/latest/1040x760/1628963.png
Ace Bailey,1642846,Utah Jazz,https://cdn.nba.com/headshots/nba/latest/1040x760/1642846.png
LaMelo Ball,1630163,Charlotte Hornets,https://cdn.nba.com/headshots/nba/latest/1040x760/1630163.png
Lonzo Ball,1628366,Cleveland Cavaliers,https://cdn.nba.com/headshots/nba/latest/1040x760/1628366.png
Mo Bamba,1628964,,https://cdn.nba.com/headshots/nba/latest/1040x760/1628964.png
Paolo Banchero,1631094,Orlando Magic,https://cdn.nba.com/headshots/nba/latest/1040x760/1631094.png
Desmond Bane,1630217,Orlando Magic,https://cdn.nba.com/headshots/nba/latest/1040x760/1630217.png
Dominick Barlow,1631230,Philadelphia 76ers,https://cdn.nba.com/headshots/nba/latest/1040x760/1631230.png
Harrison Barnes,203084,San Antonio Spurs,https://cdn.nba.com/headshots/nba/latest/1040x760/203084.png
Scottie Barnes,1630567,Toronto Raptors,https://cdn.nba.com/headshots/nba/latest/1040x760/1630567.png
Brooks Barnhizer,1642964,Oklahoma City Thunder,https://cdn.nba.com/headshots/nba/latest/1040x760/1642964.png
RJ Barrett,1629628,Toronto Raptors,https://cdn.nba.com/headshots/nba/latest/1040x760/1629628.png
Charles Bassey,1629646,,https://cdn.nba.com/headshots/nba/latest/1040x760/1629646.png
Tamar Bates,1642926,Denver Nuggets,https://cdn.nba.com/headshots/nba/latest/1040x760/1642926.png
Jamison Battle,1642419,Toronto Raptors,https://cdn.nba.com/headshots/nba/latest/1040x760/1642419.png
Nicolas Batum,201587,LA Clippers,https://cdn.nba.com/headshots/nba/latest/1040x760/201587.png
Bradley Beal,203078,LA Clippers,https://cdn.nba.com/headshots/nba/latest/1040x760/203078.png
MarJon Beauchamp,1630699,Philadelphia 76ers,https://cdn.nba.com/headshots/nba/latest/1040x760/1630699.png
Joan Beringer,1642866,Minnesota Timberwolves,https://cdn.nba.com/headshots/nba/latest/1040x760/1642866.png
Saddiq Bey,1630180,New Orleans Pelicans,https://cdn.nba.com/headshots/nba/latest/1040x760/1630180.png
Goga Bitadze,1629048,Orlando Magic,https://cdn.nba.com/headshots/nba/latest/1040x760/1629048.png
Bismack Biyombo,202687,San Antonio Spurs,https://cdn.nba.com/headshots/nba/latest/1040x760/202687.png
Anthony Black,1641710,Orlando Magic,https://cdn.nba.com/headshots/nba/latest/1040x760/1641710.png
Bogdan Bogdanović,203992,LA Clippers,https://cdn.nba.com/headshots/nba/latest/1040x760/203992.png
Adem Bona,1641737,Philadelphia 76ers,https://cdn.nba.com/headshots/nba/latest/1040x760/1641737.png
Devin Booker,1626164,Phoenix Suns,https://cdn.nba.com/headshots/nba/latest/1040x760/1626164.png
Chris Boucher,1628449,Boston Celtics,https://cdn.nba.com/headshots/nba/latest/1040x760/1628449.png
Jamaree Bouyea,1631123,Phoenix Suns,https://cdn.nba.com/headshots/nba/latest/1040x760/1631123.png
Tony Bradley,1628396,Indiana Pacers,https://cdn.nba.com/headshots/nba/latest/1040x760/1628396.png
Malaki Branham,1631103,Washington Wizards,https://cdn.nba.com/headshots/nba/latest/1040x760/1631103.png
Christian Braun,1631128,Denver Nuggets,https://cdn.nba.com/headshots/nba/latest/1040x760/1631128.png
Koby Brea,1642886,Phoenix Suns,https://cdn.nba.com/headshots/nba/latest/1040x760/1642886.png
Mikal Bridges,1628969,New York Knicks,https://cdn.nba.com/headshots/nba/latest/1040x760/1628969.png
Miles Bridges,1628970,Charlotte Hornets,https://cdn.nba.com/headshots/nba/latest/1040x760/1628970.png
Dillon Brooks,1628415,Phoenix Suns,https://cdn.nba.com/headshots/nba/latest/1040x760/1628415.png
Johni Broome,1641780,Philadelphia 76ers,https://cdn.nba.com/headshots/nba/latest/1040x760/1641780.png
Bruce Brown,1628971,Denver Nuggets,https://cdn.nba.com/headshots/nba/latest/1040x760/1628971.png
Jaylen Brown,1627759,Boston Celtics,https://cdn.nba.com/headshots/nba/latest/1040x760/1627759.png
Kobe Brown,1641738,LA Clippers,https://cdn.nba.com/headshots/nba/latest/1040x760/1641738.png
Jalen Brunson,1628973,New York Knicks,https://cdn.nba.com/headshots/nba/latest/1040x760/1628973.png
Carter Bryant,1642868,San Antonio Spurs,https://cdn.nba.com/headshots/nba/latest/1040x760/1642868.png
Thomas Bryant,1628418,Cleveland Cavaliers,https://cdn.nba.com/headshots/nba/latest/1040x760/1628418.png
Kobe Bufkin,1641723,Los Angeles Lakers,https://cdn.nba.com/headshots/nba/latest/1040x760/1641723.png
Jimmy Butler III,202710,Golden State Warriors,https://cdn.nba.com/headshots/nba/latest/1040x760/202710.png
Matas Buzelis,1641824,Chicago Bulls,https://cdn.nba.com/headshots/nba/latest/1040x760/1641824.png
Jamal Cain,1631288,Orlando Magic,https://cdn.nba.com/headshots/nba/latest/1040x760/1631288.png
Kentavious Caldwell-Pope,203484,Memphis Grizzlies,https://cdn.nba.com/headshots/nba/latest/1040x760/203484.png
Toumani Camara,1641739,Portland Trail Blazers,https://cdn.nba.com/headshots/nba/latest/1040x760/1641739.png
Clint Capela,203991,Houston Rockets,https://cdn.nba.com/headshots/nba/latest/1040x760/203991.png
Dylan Cardwell,1642928,Sacramento Kings,https://cdn.nba.com/headshots/nba/latest/1040x760/1642928.png
Branden Carlson,1642382,Oklahoma City Thunder,https://cdn.nba.com/headshots/nba/latest/1040x760/1642382.png
Bub Carrington,1642267,Washington Wizards,https://cdn.nba.com/headshots/nba/latest/1040x760/1642267.png
Devin Carter,1642269,Sacramento Kings,https://cdn.nba.com/headshots/nba/latest/1040x760/1642269.png
Jevon Carter,1628975,Chicago Bulls,https://cdn.nba.com/headshots/nba/latest/1040x760/1628975.png
Wendell Carter Jr.,1628976,Orlando Magic,https://cdn.nba.com/headshots/nba/latest/1040x760/1628976.png
Alex Caruso,1627936,Oklahoma City Thunder,https://cdn.nba.com/headshots/nba/latest/1040x760/1627936.png
Stephon Castle,1642264,San Antonio Spurs,https://cdn.nba.com/headshots/nba/latest/1040x760/1642264.png
Colin Castleton,1630658,Orlando Magic,https://cdn.nba.com/headshots/nba/latest/1040x760/1630658.png
Julian Champagnie,1630577,San Antonio Spurs,https://cdn.nba.com/headshots/nba/latest/1040x760/1630577.png
Justin Champagnie,1630551,Washington Wizards,https://cdn.nba.com/headshots/nba/latest/1040x760/1630551.png
Cam Christie,1642353,LA Clippers,https://cdn.nba.com/headshots/nba/latest/1040x760/1642353.png
Max Christie,1631108,Dallas Mavericks,https://cdn.nba.com/headshots/nba/latest/1040x760/1631108.png
Moussa Cisse,1630619,Dallas Mavericks,https://cdn.nba.com/headshots/nba/latest/1040x760/1630619.png
Sidy Cissoko,1631321,Portland Trail Blazers,https://cdn.nba.com/headshots/nba/latest/1040x760/1631321.png
Jaylen Clark,1641740,Minnesota Timberwolves,https://cdn.nba.com/headshots/nba/latest/1040x760/1641740.png
Brandon Clarke,1629634,Memphis Grizzlies,https://cdn.nba.com/headshots/nba/latest/1040x760/1629634.png
Jordan Clarkson,203903,New York Knicks,https://cdn.nba.com/headshots/nba/latest/1040x760/203903.png
Nic Claxton,1629651,Brooklyn Nets,https://cdn.nba.com/headshots/nba/latest/1040x760/1629651.png
Walter Clayton Jr.,1642383,Utah Jazz,https://cdn.nba.com/headshots/nba/latest/1040x760/1642383.png
Nique Clifford,1642363,Sacramento Kings,https://cdn.nba.com/headshots/nba/latest/1040x760/1642363.png
Donovan Clingan,1642270,Portland Trail Blazers,https://cdn.nba.com/headshots/nba/latest/1040x760/1642270.png
Noah Clowney,1641730,Brooklyn Nets,https://cdn.nba.com/headshots/nba/latest/1040x760/1641730.png
Amir Coffey,1629599,Milwaukee Bucks,https://cdn.nba.com/headshots/nba/latest/1040x760/1629599.png
Isaiah Collier,1642268,Utah Jazz,https://cdn.nba.com/headshots/nba/latest/1040x760/1642268.png
John Collins,1628381,LA Clippers,https://cdn.nba.com/headshots/nba/latest/1040x760/1628381.png
Zach Collins,1628380,Chicago Bulls,https://cdn.nba.com/headshots/nba/latest/1040x760/1628380.png
Mike Conley,201144,Minnesota Timberwolves,https://cdn.nba.com/headshots/nba/latest/1040x760/201144.png
Pat Connaughton,1626192,Charlotte Hornets,https://cdn.nba.com/headshots/nba/latest/1040x760/1626192.png
Javonte Cooke,1631451,Portland Trail Blazers,https://cdn.nba.com/headshots/nba/latest/1040x760/1631451.png
Sharife Cooper,1630536,Washington Wizards,https://cdn.nba.com/headshots/nba/latest/1040x760/1630536.png
Bilal Coulibaly,1641731,Washington Wizards,https://cdn.nba.com/headshots/nba/latest/1040x760/1641731.png
Cedric Coward,1642907,Memphis Grizzlies,https://cdn.nba.com/headshots/nba/latest/1040x760/1642907.png
Isaiah Crawford,1642384,Houston Rockets,https://cdn.nba.com/headshots/nba/latest/1040x760/1642384.png
LJ Cryer,1643018,Golden State Warriors,https://cdn.nba.com/headshots/nba/latest/1040x760/1643018.png
Cade Cunningham,1630595,Detroit Pistons,https://cdn.nba.com/headshots/nba/latest/1040x760/1630595.png
Seth Curry,203552,Golden State Warriors,https://cdn.nba.com/headshots/nba/latest/1040x760/203552.png
Stephen Curry,201939,Golden State Warriors,https://cdn.nba.com/headshots/nba/latest/1040x760/201939.png
Pacôme Dadiet,1642359,New York Knicks,https://cdn.nba.com/headshots/nba/latest/1040x760/1642359.png
Dyson Daniels,1630700,Atlanta Hawks,https://cdn.nba.com/headshots/nba/latest/1040x760/1630700.png
N'Faly Dante,1642368,Atlanta Hawks,https://cdn.nba.com/headshots/nba/latest/1040x760/1642368.png
Anthony Davis,203076,Dallas Mavericks,https://cdn.nba.com/headshots/nba/latest/1040x760/203076.png
JD Davison,1631120,Houston Rockets,https://cdn.nba.com/headshots/nba/latest/1040x760/1631120.png
DeMar DeRozan,201942,Sacramento Kings,https://cdn.nba.com/headshots/nba/latest/1040x760/201942.png
RayJ Dennis,1642484,Atlanta Hawks,https://cdn.nba.com/headshots/nba/latest/1040x760/1642484.png
Donte DiVincenzo,1628978,Minnesota Timberwolves,https://cdn.nba.com/headshots/nba/latest/1040x760/1628978.png
Moussa Diabaté,1631217,Charlotte Hornets,https://cdn.nba.com/headshots/nba/latest/1040x760/1631217.png
Mohamed Diawara,1642885,New York Knicks,https://cdn.nba.com/headshots/nba/latest/1040x760/1642885.png
Gradey Dick,1641711,Toronto Raptors,https://cdn.nba.com/headshots/nba/latest/1040x760/1641711.png
Hunter Dickinson,1630621,New Orleans Pelicans,https://cdn.nba.com/headshots/nba/latest/1040x760/1630621.png
Ousmane Dieng,1631172,Oklahoma City Thunder,https://cdn.nba.com/headshots/nba/latest/1040x760/1631172.png
Rob Dillingham,1642265,Minnesota Timberwolves,https://cdn.nba.com/headshots/nba/latest/1040x760/1642265.png
Luka Dončić,1629029,Los Angeles Lakers,https://cdn.nba.com/headshots/nba/latest/1040x760/1629029.png
Luguentz Dort,1629652,Oklahoma City Thunder,https://cdn.nba.com/headshots/nba/latest/1040x760/1629652.png
Ayo Dosunmu,1630245,Chicago Bulls,https://cdn.nba.com/headshots/nba/latest/1040x760/1630245.png
Andre Drummond,203083,Philadelphia 76ers,https://cdn.nba.com/headshots/nba/latest/1040x760/203083.png
Kris Dunn,1627739,LA Clippers,https://cdn.nba.com/headshots/nba/latest/1040x760/1627739.png
Ryan Dunn,1642346,Phoenix Suns,https://cdn.nba.com/headshots/nba/latest/1040x760/1642346.png
Kevin Durant,201142,Houston Rockets,https://cdn.nba.com/headshots/nba/latest/1040x760/201142.png
Jalen Duren,1631105,Detroit Pistons,https://cdn.nba.com/headshots/nba/latest/1040x760/1631105.png
Egor Dëmin,1642856,Brooklyn Nets,https://cdn.nba.com/headshots/nba/latest/1040x760/1642856.png
Tari Eason,1631106,Houston Rockets,https://cdn.nba.com/headshots/nba/latest/1040x760/1631106.png
Zach Edey,1641744,Memphis Grizzlies,https://cdn.nba.com/headshots/nba/latest/1040x760/1641744.png
VJ Edgecombe,1642845,Philadelphia 76ers,https://cdn.nba.com/headshots/nba/latest/1040x760/1642845.png
Anthony Edwards,1630162,Minnesota Timberwolves,https://cdn.nba.com/headshots/nba/latest/1040x760/1630162.png
Justin Edwards,1642348,Philadelphia 76ers,https://cdn.nba.com/headshots/nba/latest/1040x760/1642348.png
Keon Ellis,1631165,Sacramento Kings,https://cdn.nba.com/headshots/nba/latest/1040x760/1631165.png
Joel Embiid,203954,Philadelphia 76ers,https://cdn.nba.com/headshots/nba/latest/1040x760/203954.png
Noa Essengue,1642855,Chicago Bulls,https://cdn.nba.com/headshots/nba/latest/1040x760/1642855.png
Tyson Etienne,1630623,Brooklyn Nets,https://cdn.nba.com/headshots/nba/latest/1040x760/1630623.png
Drew Eubanks,1629234,Sacramento Kings,https://cdn.nba.com/headshots/nba/latest/1040x760/1629234.png
Tosan Evbuomwan,1641787,,https://cdn.nba.com/headshots/nba/latest/1040x760/1641787.png
Danté Exum,203957,Dallas Mavericks,https://cdn.nba.com/headshots/nba/latest/1040x760/203957.png
Jeremiah Fears,1642847,New Orleans Pelicans,https://cdn.nba.com/headshots/nba/latest/1040x760/1642847.png
Kyle Filipowski,1642271,Utah Jazz,https://cdn.nba.com/headshots/nba/latest/1040x760/1642271.png
Dorian Finney-Smith,1627827,Houston Rockets,https://cdn.nba.com/headshots/nba/latest/1040x760/1627827.png
Cooper Flagg,1642843,Dallas Mavericks,https://cdn.nba.com/headshots/nba/latest/1040x760/1642843.png
Rasheer Fleming,1642853,Phoenix Suns,https://cdn.nba.com/headshots/nba/latest/1040x760/1642853.png
Trentyn Flowers,1642280,,https://cdn.nba.com/headshots/nba/latest/1040x760/1642280.png
Simone Fontecchio,1631323,Miami Heat,https://cdn.nba.com/headshots/nba/latest/1040x760/1631323.png
De'Aaron Fox,1628368,San Antonio Spurs,https://cdn.nba.com/headshots/nba/latest/1040x760/1628368.png
Enrique Freeman,1642402,Minnesota Timberwolves,https://cdn.nba.com/headshots/nba/latest/1040x760/1642402.png
Johnny Furphy,1642277,Indiana Pacers,https://cdn.nba.com/headshots/nba/latest/1040x760/1642277.png
Daniel Gafford,1629655,Dallas Mavericks,https://cdn.nba.com/headshots/nba/latest/1040x760/1629655.png
Myron Gardner,1642066,Miami Heat,https://cdn.nba.com/headshots/nba/latest/1040x760/1642066.png
Darius Garland,1629636,Cleveland Cavaliers,https://cdn.nba.com/headshots/nba/latest/1040x760/1629636.png
Luka Garza,1630568,Boston Celtics,https://cdn.nba.com/headshots/nba/latest/1040x760/1630568.png
Keyonte George,1641718,Utah Jazz,https://cdn.nba.com/headshots/nba/latest/1040x760/1641718.png
Kyshawn George,1642273,Washington Wizards,https://cdn.nba.com/headshots/nba/latest/1040x760/1642273.png
Paul George,202331,Philadelphia 76ers,https://cdn.nba.com/headshots/nba/latest/1040x760/202331.png
Josh Giddey,1630581,Chicago Bulls,https://cdn.nba.com/headshots/nba/latest/1040x760/1630581.png
Shai Gilgeous-Alexander,1628983,Oklahoma City Thunder,https://cdn.nba.com/headshots/nba/latest/1040x760/1628983.png
Anthony Gill,1630264,Washington Wizards,https://cdn.nba.com/headshots/nba/latest/1040x760/1630264.png
Collin Gillespie,1631221,Phoenix Suns,https://cdn.nba.com/headshots/nba/latest/1040x760/1631221.png
Rudy Gobert,203497,Minnesota Timberwolves,https://cdn.nba.com/headshots/nba/latest/1040x760/203497.png
Vladislav Goldin,1642884,Miami Heat,https://cdn.nba.com/headshots/nba/latest/1040x760/1642884.png
Hugo González,1642864,Boston Celtics,https://cdn.nba.com/headshots/nba/latest/1040x760/1642864.png
Jordan Goodwin,1630692,Phoenix Suns,https://cdn.nba.com/headshots/nba/latest/1040x760/1630692.png
Aaron Gordon,203932,Denver Nuggets,https://cdn.nba.com/headshots/nba/latest/1040x760/203932.png
Eric Gordon,201569,Philadelphia 76ers,https://cdn.nba.com/headshots/nba/latest/1040x760/201569.png
Jerami Grant,203924,Portland Trail Blazers,https://cdn.nba.com/headshots/nba/latest/1040x760/203924.png
AJ Green,1631260,Milwaukee Bucks,https://cdn.nba.com/headshots/nba/latest/1040x760/1631260.png
Draymond Green,203110,Golden State Warriors,https://cdn.nba.com/headshots/nba/latest/1040x760/203110.png
Jalen Green,1630224,Phoenix Suns,https://cdn.nba.com/headshots/nba/latest/1040x760/1630224.png
Javonte Green,1629750,Detroit Pistons,https://cdn.nba.com/headshots/nba/latest/1040x760/1629750.png
Jeff Green,201145,Houston Rockets,https://cdn.nba.com/headshots/nba/latest/1040x760/201145.png
Josh Green,1630182,Charlotte Hornets,https://cdn.nba.com/headshots/nba/latest/1040x760/1630182.png
Quentin Grimes,1629656,Philadelphia 76ers,https://cdn.nba.com/headshots/nba/latest/1040x760/1629656.png
Mouhamed Gueye,1631243,Atlanta Hawks,https://cdn.nba.com/headshots/nba/latest/1040x760/1631243.png
Rui Hachimura,1629060,Los Angeles Lakers,https://cdn.nba.com/headshots/nba/latest/1040x760/1629060.png
Tyrese Haliburton,1630169,Indiana Pacers,https://cdn.nba.com/headshots/nba/latest/1040x760/1630169.png
PJ Hall,1641790,Charlotte Hornets,https://cdn.nba.com/headshots/nba/latest/1040x760/1641790.png
Tim Hardaway Jr.,203501,Denver Nuggets,https://cdn.nba.com/headshots/nba/latest/1040x760/203501.png
James Harden,201935,LA Clippers,https://cdn.nba.com/headshots/nba/latest/1040x760/201935.png
Jaden Hardy,1630702,Dallas Mavericks,https://cdn.nba.com/headshots/nba/latest/1040x760/1630702.png
Elijah Harkless,1641989,Utah Jazz,https://cdn.nba.com/headshots/nba/latest/1040x760/1641989.png
Dylan Harper,1642844,San Antonio Spurs,https://cdn.nba.com/headshots/nba/latest/1040x760/1642844.png
Ron Harper Jr.,1631199,Boston Celtics,https://cdn.nba.com/headshots/nba/latest/1040x760/1631199.png
Gary Harris,203914,Milwaukee Bucks,https://cdn.nba.com/headshots/nba/latest/1040x760/203914.png
Tobias Harris,202699,Detroit Pistons,https://cdn.nba.com/headshots/nba/latest/1040x760/202699.png
Josh Hart,1628404,New York Knicks,https://cdn.nba.com/headshots/nba/latest/1040x760/1628404.png
Isaiah Hartenstein,1628392,Oklahoma City Thunder,https://cdn.nba.com/headshots/nba/latest/1040x760/1628392.png
Sam Hauser,1630573,Boston Celtics,https://cdn.nba.com/headshots/nba/latest/1040x760/1630573.png
Jordan Hawkins,1641722,New Orleans Pelicans,https://cdn.nba.com/headshots/nba/latest/1040x760/1641722.png
Jaxson Hayes,1629637,Los Angeles Lakers,https://cdn.nba.com/headshots/nba/latest/1040x760/1629637.png
Nigel Hayes-Davis,1628502,Phoenix Suns,https://cdn.nba.com/headshots/nba/latest/1040x760/1628502.png
Scoot Henderson,1630703,Portland Trail Blazers,https://cdn.nba.com/headshots/nba/latest/1040x760/1630703.png
Taylor Hendricks,1641707,Utah Jazz,https://cdn.nba.com/headshots/nba/latest/1040x760/1641707.png
Chucky Hepburn,1642935,Toronto Raptors,https://cdn.nba.com/headshots/nba/latest/1040x760/1642935.png
Tyler Herro,1629639,Miami Heat,https://cdn.nba.com/headshots/nba/latest/1040x760/1629639.png
Buddy Hield,1627741,Golden State Warriors,https://cdn.nba.com/headshots/nba/latest/1040x760/1627741.png
Haywood Highsmith,1629312,Brooklyn Nets,https://cdn.nba.com/headshots/nba/latest/1040x760/1629312.png
Aaron Holiday,1628988,Houston Rockets,https://cdn.nba.com/headshots/nba/latest/1040x760/1628988.png
Jrue Holiday,201950,Portland Trail Blazers,https://cdn.nba.com/headshots/nba/latest/1040x760/201950.png
Ronald Holland II,1641842,Detroit Pistons,https://cdn.nba.com/headshots/nba/latest/1040x760/1641842.png
DaRon Holmes II,1641747,Denver Nuggets,https://cdn.nba.com/headshots/nba/latest/1040x760/1641747.png
Chet Holmgren,1631096,Oklahoma City Thunder,https://cdn.nba.com/headshots/nba/latest/1040x760/1631096.png
Al Horford,201143,Golden State Warriors,https://cdn.nba.com/headshots/nba/latest/1040x760/201143.png
Caleb Houstan,1631216,Atlanta Hawks,https://cdn.nba.com/headshots/nba/latest/1040x760/1631216.png
Jett Howard,1641724,Orlando Magic,https://cdn.nba.com/headshots/nba/latest/1040x760/1641724.png
Kevin Huerter,1628989,Chicago Bulls,https://cdn.nba.com/headshots/nba/latest/1040x760/1628989.png
Jay Huff,1630643,Indiana Pacers,https://cdn.nba.com/headshots/nba/latest/1040x760/1630643.png
Ariel Hukporti,1630574,New York Knicks,https://cdn.nba.com/headshots/nba/latest/1040x760/1630574.png
De'Andre Hunter,1629631,Cleveland Cavaliers,https://cdn.nba.com/headshots/nba/latest/1040x760/1629631.png
Bones Hyland,1630538,Minnesota Timberwolves,https://cdn.nba.com/headshots/nba/latest/1040x760/1630538.png
Oso Ighodaro,1642345,Phoenix Suns,https://cdn.nba.com/headshots/nba/latest/1040x760/1642345.png
Joe Ingles,204060,Minnesota Timberwolves,https://cdn.nba.com/headshots/nba/latest/1040x760/204060.png
Brandon Ingram,1627742,Toronto Raptors,https://cdn.nba.com/headshots/nba/latest/1040x760/1627742.png
Harrison Ingram,1631127,San Antonio Spurs,https://cdn.nba.com/headshots/nba/latest/1040x760/1631127.png
Kyrie Irving,202681,Dallas Mavericks,https://cdn.nba.com/headshots/nba/latest/1040x760/202681.png
Jonathan Isaac,1628371,Orlando Magic,https://cdn.nba.com/headshots/nba/latest/1040x760/1628371.png
Jaden Ivey,1631093,Detroit Pistons,https://cdn.nba.com/headshots/nba/latest/1040x760/1631093.png
GG Jackson,1641713,Memphis Grizzlies,https://cdn.nba.com/headshots/nba/latest/1040x760/1641713.png
Isaiah Jackson,1630543,Indiana Pacers,https://cdn.nba.com/headshots/nba/latest/1040x760/1630543.png
Quenton Jackson,1631245,Indiana Pacers,https://cdn.nba.com/headshots/nba/latest/1040x760/1631245.png
Andre Jackson Jr.,1641748,Milwaukee Bucks,https://cdn.nba.com/headshots/nba/latest/1040x760/1641748.png
Jaren Jackson Jr.,1628991,Memphis Grizzlies,https://cdn.nba.com/headshots/nba/latest/1040x760/1628991.png
Trayce Jackson-Davis,1631218,Golden State Warriors,https://cdn.nba.com/headshots/nba/latest/1040x760/1631218.png
Kasparas Jakučionis,1642857,Miami Heat,https://cdn.nba.com/headshots/nba/latest/1040x760/1642857.png
Bronny James,1642355,Los Angeles Lakers,https://cdn.nba.com/headshots/nba/latest/1040x760/1642355.png
LeBron James,2544,Los Angeles Lakers,https://cdn.nba.com/headshots/nba/latest/1040x760/2544.png
Sion James,1642883,Charlotte Hornets,https://cdn.nba.com/headshots/nba/latest/1040x760/1642883.png
Jaime Jaquez Jr.,1631170,Miami Heat,https://cdn.nba.com/headshots/nba/latest/1040x760/1631170.png
Trey Jemison III,1641998,New York Knicks,https://cdn.nba.com/headshots/nba/latest/1040x760/1641998.png
Daniss Jenkins,1642450,Detroit Pistons,https://cdn.nba.com/headshots/nba/latest/1040x760/1642450.png
Ty Jerome,1629660,Memphis Grizzlies,https://cdn.nba.com/headshots/nba/latest/1040x760/1629660.png
Isaiah Joe,1630198,Oklahoma City Thunder,https://cdn.nba.com/headshots/nba/latest/1040x760/1630198.png
AJ Johnson,1642358,Washington Wizards,https://cdn.nba.com/headshots/nba/latest/1040x760/1642358.png
Cameron Johnson,1629661,Denver Nuggets,https://cdn.nba.com/headshots/nba/latest/1040x760/1629661.png
Chaney Johnson,1643052,Brooklyn Nets,https://cdn.nba.com/headshots/nba/latest/1040x760/1643052.png
Jalen Johnson,1630552,Atlanta Hawks,https://cdn.nba.com/headshots/nba/latest/1040x760/1630552.png
Keldon Johnson,1629640,San Antonio Spurs,https://cdn.nba.com/headshots/nba/latest/1040x760/1629640.png
Keshad Johnson,1642352,Miami Heat,https://cdn.nba.com/headshots/nba/latest/1040x760/1642352.png
Tre Johnson,1642848,Washington Wizards,https://cdn.nba.com/headshots/nba/latest/1040x760/1642848.png
Nikola Jokić,203999,Denver Nuggets,https://cdn.nba.com/headshots/nba/latest/1040x760/203999.png
Colby Jones,1641732,,https://cdn.nba.com/headshots/nba/latest/1040x760/1641732.png
Curtis Jones,1642938,Denver Nuggets,https://cdn.nba.com/headshots/nba/latest/1040x760/1642938.png
Herbert Jones,1630529,New Orleans Pelicans,https://cdn.nba.com/headshots/nba/latest/1040x760/1630529.png
Isaac Jones,1642403,Detroit Pistons,https://cdn.nba.com/headshots/nba/latest/1040x760/1642403.png
Kam Jones,1642880,Indiana Pacers,https://cdn.nba.com/headshots/nba/latest/1040x760/1642880.png
Spencer Jones,1642461,Denver Nuggets,https://cdn.nba.com/headshots/nba/latest/1040x760/1642461.png
Tre Jones,1630200,Chicago Bulls,https://cdn.nba.com/headshots/nba/latest/1040x760/1630200.png
Tyus Jones,1626145,Orlando Magic,https://cdn.nba.com/headshots/nba/latest/1040x760/1626145.png
David Jones Garcia,1642357,San Antonio Spurs,https://cdn.nba.com/headshots/nba/latest/1040x760/1642357.png
Derrick Jones Jr.,1627884,LA Clippers,https://cdn.nba.com/headshots/nba/latest/1040x760/1627884.png
DeAndre Jordan,201599,New Orleans Pelicans,https://cdn.nba.com/headshots/nba/latest/1040x760/201599.png
Nikola Jović,1631107,Miami Heat,https://cdn.nba.com/headshots/nba/latest/1040x760/1631107.png
Johnny Juzang,1630548,Minnesota Timberwolves,https://cdn.nba.com/headshots/nba/latest/1040x760/1630548.png
Ryan Kalkbrenner,1641750,Charlotte Hornets,https://cdn.nba.com/headshots/nba/latest/1040x760/1641750.png
Yuki Kawamura,1642530,Chicago Bulls,https://cdn.nba.com/headshots/nba/latest/1040x760/1642530.png
Miles Kelly,1642939,Dallas Mavericks,https://cdn.nba.com/headshots/nba/latest/1040x760/1642939.png
Luke Kennard,1628379,Atlanta Hawks,https://cdn.nba.com/headshots/nba/latest/1040x760/1628379.png
Walker Kessler,1631117,Utah Jazz,https://cdn.nba.com/headshots/nba/latest/1040x760/1631117.png
Corey Kispert,1630557,Atlanta Hawks,https://cdn.nba.com/headshots/nba/latest/1040x760/1630557.png
Maxi Kleber,1628467,Los Angeles Lakers,https://cdn.nba.com/headshots/nba/latest/1040x760/1628467.png
Bobi Klintman,1641752,Detroit Pistons,https://cdn.nba.com/headshots/nba/latest/1040x760/1641752.png
Dalton Knecht,1642261,Los Angeles Lakers,https://cdn.nba.com/headshots/nba/latest/1040x760/1642261.png
Kon Knueppel,1642851,Charlotte Hornets,https://cdn.nba.com/headshots/nba/latest/1040x760/1642851.png
Tyler Kolek,1642278,New York Knicks,https://cdn.nba.com/headshots/nba/latest/1040x760/1642278.png
Christian Koloko,1631132,,https://cdn.nba.com/headshots/nba/latest/1040x760/1631132.png
John Konchar,1629723,Memphis Grizzlies,https://cdn.nba.com/headshots/nba/latest/1040x760/1629723.png
Luke Kornet,1628436,San Antonio Spurs,https://cdn.nba.com/headshots/nba/latest/1040x760/1628436.png
Vít Krejčí,1630249,Atlanta Hawks,https://cdn.nba.com/headshots/nba/latest/1040x760/1630249.png
Jonathan Kuminga,1630228,Golden State Warriors,https://cdn.nba.com/headshots/nba/latest/1040x760/1630228.png
Kyle Kuzma,1628398,Milwaukee Bucks,https://cdn.nba.com/headshots/nba/latest/1040x760/1628398.png
Jake LaRavia,1631222,Los Angeles Lakers,https://cdn.nba.com/headshots/nba/latest/1040x760/1631222.png
Zach LaVine,203897,Sacramento Kings,https://cdn.nba.com/headshots/nba/latest/1040x760/203897.png
Jock Landale,1629111,Memphis Grizzlies,https://cdn.nba.com/headshots/nba/latest/1040x760/1629111.png
Chaz Lanier,1642404,Detroit Pistons,https://cdn.nba.com/headshots/nba/latest/1040x760/1642404.png
Pelle Larsson,1641796,Miami Heat,https://cdn.nba.com/headshots/nba/latest/1040x760/1641796.png
A.J. Lawson,1630639,Toronto Raptors,https://cdn.nba.com/headshots/nba/latest/1040x760/1630639.png
Caris LeVert,1627747,Detroit Pistons,https://cdn.nba.com/headshots/nba/latest/1040x760/1627747.png
Kawhi Leonard,202695,LA Clippers,https://cdn.nba.com/headshots/nba/latest/1040x760/202695.png
Malevy Leons,1642502,Golden State Warriors,https://cdn.nba.com/headshots/nba/latest/1040x760/1642502.png
E.J. Liddell,1630604,Brooklyn Nets,https://cdn.nba.com/headshots/nba/latest/1040x760/1630604.png
Damian Lillard,203081,Portland Trail Blazers,https://cdn.nba.com/headshots/nba/latest/1040x760/203081.png
Dereck Lively II,1641726,Dallas Mavericks,https://cdn.nba.com/headshots/nba/latest/1040x760/1641726.png
Isaiah Livers,1630587,Phoenix Suns,https://cdn.nba.com/headshots/nba/latest/1040x760/1630587.png
Chris Livingston,1641753,Cleveland Cavaliers,https://cdn.nba.com/headshots/nba/latest/1040x760/1641753.png
Kevon Looney,1626172,New Orleans Pelicans,https://cdn.nba.com/headshots/nba/latest/1040x760/1626172.png
Brook Lopez,201572,LA Clippers,https://cdn.nba.com/headshots/nba/latest/1040x760/201572.png
Caleb Love,1631126,Portland Trail Blazers,https://cdn.nba.com/headshots/nba/latest/1040x760/1631126.png
Kevin Love,201567,Utah Jazz,https://cdn.nba.com/headshots/nba/latest/1040x760/201567.png
Kyle Lowry,200768,Philadelphia 76ers,https://cdn.nba.com/headshots/nba/latest/1040x760/200768.png
Khaman Maluach,1642863,Phoenix Suns,https://cdn.nba.com/headshots/nba/latest/1040x760/1642863.png
Sandro Mamukelashvili,1630572,Toronto Raptors,https://cdn.nba.com/headshots/nba/latest/1040x760/1630572.png
Terance Mann,1629611,Brooklyn Nets,https://cdn.nba.com/headshots/nba/latest/1040x760/1629611.png
Tre Mann,1630544,Charlotte Hornets,https://cdn.nba.com/headshots/nba/latest/1040x760/1630544.png
Lauri Markkanen,1628374,Utah Jazz,https://cdn.nba.com/headshots/nba/latest/1040x760/1628374.png
Naji Marshall,1630230,Dallas Mavericks,https://cdn.nba.com/headshots/nba/latest/1040x760/1630230.png
Alijah Martin,1642918,Toronto Raptors,https://cdn.nba.com/headshots/nba/latest/1040x760/1642918.png
Caleb Martin,1628997,Dallas Mavericks,https://cdn.nba.com/headshots/nba/latest/1040x760/1628997.png
Cody Martin,1628998,,https://cdn.nba.com/headshots/nba/latest/1040x760/1628998.png
Tyrese Martin,1631213,Brooklyn Nets,https://cdn.nba.com/headshots/nba/latest/1040x760/1631213.png
Jahmai Mashack,1642942,Memphis Grizzlies,https://cdn.nba.com/headshots/nba/latest/1040x760/1642942.png
Garrison Mathews,1629726,,https://cdn.nba.com/headshots/nba/latest/1040x760/1629726.png
Bennedict Mathurin,1631097,Indiana Pacers,https://cdn.nba.com/headshots/nba/latest/1040x760/1631097.png
Karlo Matković,1631255,New Orleans Pelicans,https://cdn.nba.com/headshots/nba/latest/1040x760/1631255.png
Tyrese Maxey,1630178,Philadelphia 76ers,https://cdn.nba.com/headshots/nba/latest/1040x760/1630178.png
Chris Mañon,1643024,Los Angeles Lakers,https://cdn.nba.com/headshots/nba/latest/1040x760/1643024.png
Miles McBride,1630540,New York Knicks,https://cdn.nba.com/headshots/nba/latest/1040x760/1630540.png
Jared McCain,1642272,Philadelphia 76ers,https://cdn.nba.com/headshots/nba/latest/1040x760/1642272.png
Mac McClung,1630644,,https://cdn.nba.com/headshots/nba/latest/1040x760/1630644.png
CJ McCollum,203468,Atlanta Hawks,https://cdn.nba.com/headshots/nba/latest/1040x760/203468.png
T.J. McConnell,204456,Indiana Pacers,https://cdn.nba.com/headshots/nba/latest/1040x760/204456.png
Kevin McCullar Jr.,1641755,New York Knicks,https://cdn.nba.com/headshots/nba/latest/1040x760/1641755.png
Jaden McDaniels,1630183,Minnesota Timberwolves,https://cdn.nba.com/headshots/nba/latest/1040x760/1630183.png
Doug McDermott,203926,Sacramento Kings,https://cdn.nba.com/headshots/nba/latest/1040x760/203926.png
Bryce McGowens,1631121,New Orleans Pelicans,https://cdn.nba.com/headshots/nba/latest/1040x760/1631121.png
Jordan McLaughlin,1629162,San Antonio Spurs,https://cdn.nba.com/headshots/nba/latest/1040x760/1629162.png
Liam McNeeley,1642862,Charlotte Hornets,https://cdn.nba.com/headshots/nba/latest/1040x760/1642862.png
De'Anthony Melton,1629001,Golden State Warriors,https://cdn.nba.com/headshots/nba/latest/1040x760/1629001.png
Sam Merrill,1630241,Cleveland Cavaliers,https://cdn.nba.com/headshots/nba/latest/1040x760/1630241.png
Khris Middleton,203114,Washington Wizards,https://cdn.nba.com/headshots/nba/latest/1040x760/203114.png
Brandon Miller,1641706,Charlotte Hornets,https://cdn.nba.com/headshots/nba/latest/1040x760/1641706.png
Emanuel Miller,1641801,Chicago Bulls,https://cdn.nba.com/headshots/nba/latest/1040x760/1641801.png
Jordan Miller,1641757,LA Clippers,https://cdn.nba.com/headshots/nba/latest/1040x760/1641757.png
Leonard Miller,1631159,Minnesota Timberwolves,https://cdn.nba.com/headshots/nba/latest/1040x760/1631159.png
Riley Minix,1642434,,https://cdn.nba.com/headshots/nba/latest/1040x760/1642434.png
Josh Minott,1631169,Boston Celtics,https://cdn.nba.com/headshots/nba/latest/1040x760/1631169.png
Yves Missi,1642274,New Orleans Pelicans,https://cdn.nba.com/headshots/nba/latest/1040x760/1642274.png
Ajay Mitchell,1642349,Oklahoma City Thunder,https://cdn.nba.com/headshots/nba/latest/1040x760/1642349.png
Davion Mitchell,1630558,Miami Heat,https://cdn.nba.com/headshots/nba/latest/1040x760/1630558.png
Donovan Mitchell,1628378,Cleveland Cavaliers,https://cdn.nba.com/headshots/nba/latest/1040x760/1628378.png
Evan Mobley,1630596,Cleveland Cavaliers,https://cdn.nba.com/headshots/nba/latest/1040x760/1630596.png
Jonathan Mogbo,1642367,Toronto Raptors,https://cdn.nba.com/headshots/nba/latest/1040x760/1642367.png
Malik Monk,1628370,Sacramento Kings,https://cdn.nba.com/headshots/nba/latest/1040x760/1628370.png
Moses Moody,1630541,Golden State Warriors,https://cdn.nba.com/headshots/nba/latest/1040x760/1630541.png
Wendell Moore Jr.,1631111,Detroit Pistons,https://cdn.nba.com/headshots/nba/latest/1040x760/1631111.png
Ja Morant,1629630,Memphis Grizzlies,https://cdn.nba.com/headshots/nba/latest/1040x760/1629630.png
Monte Morris,1628420,,https://cdn.nba.com/headshots/nba/latest/1040x760/1628420.png
Trey Murphy III,1630530,New Orleans Pelicans,https://cdn.nba.com/headshots/nba/latest/1040x760/1630530.png
Dejounte Murray,1627749,New Orleans Pelicans,https://cdn.nba.com/headshots/nba/latest/1040x760/1627749.png
Jamal Murray,1627750,Denver Nuggets,https://cdn.nba.com/headshots/nba/latest/1040x760/1627750.png
Keegan Murray,1631099,Sacramento Kings,https://cdn.nba.com/headshots/nba/latest/1040x760/1631099.png
Kris Murray,1631200,Portland Trail Blazers,https://cdn.nba.com/headshots/nba/latest/1040x760/1631200.png
Collin Murray-Boyles,1642867,Toronto Raptors,https://cdn.nba.com/headshots/nba/latest/1040x760/1642867.png
Svi Mykhailiuk,1629004,Utah Jazz,https://cdn.nba.com/headshots/nba/latest/1040x760/1629004.png
Pete Nance,1631250,Milwaukee Bucks,https://cdn.nba.com/headshots/nba/latest/1040x760/1631250.png
Larry Nance Jr.,1626204,Cleveland Cavaliers,https://cdn.nba.com/headshots/nba/latest/1040x760/1626204.png
Andrew Nembhard,1629614,Indiana Pacers,https://cdn.nba.com/headshots/nba/latest/1040x760/1629614.png
Ryan Nembhard,1642948,Dallas Mavericks,https://cdn.nba.com/headshots/nba/latest/1040x760/1642948.png
Aaron Nesmith,1630174,Indiana Pacers,https://cdn.nba.com/headshots/nba/latest/1040x760/1630174.png
Asa Newell,1642854,Atlanta Hawks,https://cdn.nba.com/headshots/nba/latest/1040x760/1642854.png
Tristen Newton,1641803,Houston Rockets,https://cdn.nba.com/headshots/nba/latest/1040x760/1641803.png
Georges Niang,1627777,Utah Jazz,https://cdn.nba.com/headshots/nba/latest/1040x760/1627777.png
Yanic Konan Niederhäuser,1642949,LA Clippers,https://cdn.nba.com/headshots/nba/latest/1040x760/1642949.png
Zeke Nnaji,1630192,Denver Nuggets,https://cdn.nba.com/headshots/nba/latest/1040x760/1630192.png
Jusuf Nurkić,203994,Utah Jazz,https://cdn.nba.com/headshots/nba/latest/1040x760/203994.png
Royce O'Neale,1626220,Phoenix Suns,https://cdn.nba.com/headshots/nba/latest/1040x760/1626220.png
Josh Okogie,1629006,Houston Rockets,https://cdn.nba.com/headshots/nba/latest/1040x760/1629006.png
Onyeka Okongwu,1630168,Atlanta Hawks,https://cdn.nba.com/headshots/nba/latest/1040x760/1630168.png
Isaac Okoro,1630171,Chicago Bulls,https://cdn.nba.com/headshots/nba/latest/1040x760/1630171.png
Lachlan Olbrich,1642950,Chicago Bulls,https://cdn.nba.com/headshots/nba/latest/1040x760/1642950.png
Kelly Olynyk,203482,San Antonio Spurs,https://cdn.nba.com/headshots/nba/latest/1040x760/203482.png
Kelly Oubre Jr.,1626162,Philadelphia 76ers,https://cdn.nba.com/headshots/nba/latest/1040x760/1626162.png
Chris Paul,101108,LA Clippers,https://cdn.nba.com/headshots/nba/latest/1040x760/101108.png
Gary Payton II,1627780,Golden State Warriors,https://cdn.nba.com/headshots/nba/latest/1040x760/1627780.png
Micah Peavy,1642877,New Orleans Pelicans,https://cdn.nba.com/headshots/nba/latest/1040x760/1642877.png
Noah Penda,1642869,Orlando Magic,https://cdn.nba.com/headshots/nba/latest/1040x760/1642869.png
Taelon Peter,1643007,Indiana Pacers,https://cdn.nba.com/headshots/nba/latest/1040x760/1643007.png
Drew Peterson,1641809,,https://cdn.nba.com/headshots/nba/latest/1040x760/1641809.png
Julian Phillips,1641763,Chicago Bulls,https://cdn.nba.com/headshots/nba/latest/1040x760/1641763.png
Jalen Pickett,1629618,Denver Nuggets,https://cdn.nba.com/headshots/nba/latest/1040x760/1629618.png
Scotty Pippen Jr.,1630590,Memphis Grizzlies,https://cdn.nba.com/headshots/nba/latest/1040x760/1630590.png
Daeqwon Plowden,1631342,Sacramento Kings,https://cdn.nba.com/headshots/nba/latest/1040x760/1631342.png
Mason Plumlee,203486,Charlotte Hornets,https://cdn.nba.com/headshots/nba/latest/1040x760/203486.png
Brandin Podziemski,1641764,Golden State Warriors,https://cdn.nba.com/headshots/nba/latest/1040x760/1641764.png
Jakob Poeltl,1627751,Toronto Raptors,https://cdn.nba.com/headshots/nba/latest/1040x760/1627751.png
Jordan Poole,1629673,New Orleans Pelicans,https://cdn.nba.com/headshots/nba/latest/1040x760/1629673.png
Craig Porter Jr.,1641854,Cleveland Cavaliers,https://cdn.nba.com/headshots/nba/latest/1040x760/1641854.png
Kevin Porter Jr.,1629645,Milwaukee Bucks,https://cdn.nba.com/headshots/nba/latest/1040x760/1629645.png
Michael Porter Jr.,1629008,Brooklyn Nets,https://cdn.nba.com/headshots/nba/latest/1040x760/1629008.png
Bobby Portis,1626171,Milwaukee Bucks,https://cdn.nba.com/headshots/nba/latest/1040x760/1626171.png
Kristaps Porziņģis,204001,Atlanta Hawks,https://cdn.nba.com/headshots/nba/latest/1040x760/204001.png
Quinten Post,1642366,Golden State Warriors,https://cdn.nba.com/headshots/nba/latest/1040x760/1642366.png
Micah Potter,1630695,Indiana Pacers,https://cdn.nba.com/headshots/nba/latest/1040x760/1630695.png
Drake Powell,1642962,Brooklyn Nets,https://cdn.nba.com/headshots/nba/latest/1040x760/1642962.png
Dwight Powell,203939,Dallas Mavericks,https://cdn.nba.com/headshots/nba/latest/1040x760/203939.png
Norman Powell,1626181,Miami Heat,https://cdn.nba.com/headshots/nba/latest/1040x760/1626181.png
Taurean Prince,1627752,Milwaukee Bucks,https://cdn.nba.com/headshots/nba/latest/1040x760/1627752.png
Payton Pritchard,1630202,Boston Celtics,https://cdn.nba.com/headshots/nba/latest/1040x760/1630202.png
Tyrese Proctor,1642878,Cleveland Cavaliers,https://cdn.nba.com/headshots/nba/latest/1040x760/1642878.png
Olivier-Maxence Prosper,1641765,Memphis Grizzlies,https://cdn.nba.com/headshots/nba/latest/1040x760/1641765.png
Derik Queen,1642852,New Orleans Pelicans,https://cdn.nba.com/headshots/nba/latest/1040x760/1642852.png
Neemias Queta,1629674,Boston Celtics,https://cdn.nba.com/headshots/nba/latest/1040x760/1629674.png
Immanuel Quickley,1630193,Toronto Raptors,https://cdn.nba.com/headshots/nba/latest/1040x760/1630193.png
Julius Randle,203944,Minnesota Timberwolves,https://cdn.nba.com/headshots/nba/latest/1040x760/203944.png
Maxime Raynaud,1642875,Sacramento Kings,https://cdn.nba.com/headshots/nba/latest/1040x760/1642875.png
Duop Reath,1641871,Portland Trail Blazers,https://cdn.nba.com/headshots/nba/latest/1040x760/1641871.png
Austin Reaves,1630559,Los Angeles Lakers,https://cdn.nba.com/headshots/nba/latest/1040x760/1630559.png
Paul Reed,1630194,Detroit Pistons,https://cdn.nba.com/headshots/nba/latest/1040x760/1630194.png
Antonio Reeves,1641810,Charlotte Hornets,https://cdn.nba.com/headshots/nba/latest/1040x760/1641810.png
Naz Reid,1629675,Minnesota Timberwolves,https://cdn.nba.com/headshots/nba/latest/1040x760/1629675.png
Will Richard,1642954,Golden State Warriors,https://cdn.nba.com/headshots/nba/latest/1040x760/1642954.png
Nick Richards,1630208,Phoenix Suns,https://cdn.nba.com/headshots/nba/latest/1040x760/1630208.png
Jase Richardson,1642859,Orlando Magic,https://cdn.nba.com/headshots/nba/latest/1040x760/1642859.png
Will Riley,1642860,Washington Wizards,https://cdn.nba.com/headshots/nba/latest/1040x760/1642860.png
Zaccharie Risacher,1642258,Atlanta Hawks,https://cdn.nba.com/headshots/nba/latest/1040x760/1642258.png
Duncan Robinson,1629130,Detroit Pistons,https://cdn.nba.com/headshots/nba/latest/1040x760/1629130.png
Mitchell Robinson,1629011,New York Knicks,https://cdn.nba.com/headshots/nba/latest/1040x760/1629011.png
Orlando Robinson,1631115,Orlando Magic,https://cdn.nba.com/headshots/nba/latest/1040x760/1631115.png
Jeremiah Robinson-Earl,1630526,Dallas Mavericks,https://cdn.nba.com/headshots/nba/latest/1040x760/1630526.png
Ryan Rollins,1631157,Milwaukee Bucks,https://cdn.nba.com/headshots/nba/latest/1040x760/1631157.png
Terry Rozier,1626179,Miami Heat,https://cdn.nba.com/headshots/nba/latest/1040x760/1626179.png
Rayan Rupert,1641712,Portland Trail Blazers,https://cdn.nba.com/headshots/nba/latest/1040x760/1641712.png
D'Angelo Russell,1626156,Dallas Mavericks,https://cdn.nba.com/headshots/nba/latest/1040x760/1626156.png
Domantas Sabonis,1627734,Sacramento Kings,https://cdn.nba.com/headshots/nba/latest/1040x760/1627734.png
Tidjane Salaün,1642275,Charlotte Hornets,https://cdn.nba.com/headshots/nba/latest/1040x760/1642275.png
Hunter Sallis,1642282,,https://cdn.nba.com/headshots/nba/latest/1040x760/1642282.png
Kobe Sanders,1642920,LA Clippers,https://cdn.nba.com/headshots/nba/latest/1040x760/1642920.png
Gui Santos,1630611,Golden State Warriors,https://cdn.nba.com/headshots/nba/latest/1040x760/1630611.png
Ben Saraf,1642879,Brooklyn Nets,https://cdn.nba.com/headshots/nba/latest/1040x760/1642879.png
Alex Sarr,1642259,Washington Wizards,https://cdn.nba.com/headshots/nba/latest/1040x760/1642259.png
Marcus Sasser,1631204,Detroit Pistons,https://cdn.nba.com/headshots/nba/latest/1040x760/1631204.png
Baylor Scheierman,1631248,Boston Celtics,https://cdn.nba.com/headshots/nba/latest/1040x760/1631248.png
Dennis Schröder,203471,Sacramento Kings,https://cdn.nba.com/headshots/nba/latest/1040x760/203471.png
Mark Sears,1641813,,https://cdn.nba.com/headshots/nba/latest/1040x760/1641813.png
Alperen Sengun,1630578,Houston Rockets,https://cdn.nba.com/headshots/nba/latest/1040x760/1630578.png
Brice Sensabaugh,1641729,Utah Jazz,https://cdn.nba.com/headshots/nba/latest/1040x760/1641729.png
Collin Sexton,1629012,Charlotte Hornets,https://cdn.nba.com/headshots/nba/latest/1040x760/1629012.png
Landry Shamet,1629013,New York Knicks,https://cdn.nba.com/headshots/nba/latest/1040x760/1629013.png
Terrence Shannon Jr.,1630545,Minnesota Timberwolves,https://cdn.nba.com/headshots/nba/latest/1040x760/1630545.png
Day'Ron Sharpe,1630549,Brooklyn Nets,https://cdn.nba.com/headshots/nba/latest/1040x760/1630549.png
Shaedon Sharpe,1631101,Portland Trail Blazers,https://cdn.nba.com/headshots/nba/latest/1040x760/1631101.png
Jamal Shead,1642347,Toronto Raptors,https://cdn.nba.com/headshots/nba/latest/1040x760/1642347.png
Ben Sheppard,1641767,Indiana Pacers,https://cdn.nba.com/headshots/nba/latest/1040x760/1641767.png
Reed Sheppard,1642263,Houston Rockets,https://cdn.nba.com/headshots/nba/latest/1040x760/1642263.png
Max Shulga,1642917,Boston Celtics,https://cdn.nba.com/headshots/nba/latest/1040x760/1642917.png
Pascal Siakam,1627783,Indiana Pacers,https://cdn.nba.com/headshots/nba/latest/1040x760/1627783.png
Anfernee Simons,1629014,Boston Celtics,https://cdn.nba.com/headshots/nba/latest/1040x760/1629014.png
KJ Simpson,1642354,Charlotte Hornets,https://cdn.nba.com/headshots/nba/latest/1040x760/1642354.png
Jericho Sims,1630579,Milwaukee Bucks,https://cdn.nba.com/headshots/nba/latest/1040x760/1630579.png
Javon Small,1642914,Memphis Grizzlies,https://cdn.nba.com/headshots/nba/latest/1040x760/1642914.png
Marcus Smart,203935,Los Angeles Lakers,https://cdn.nba.com/headshots/nba/latest/1040x760/203935.png
Dru Smith,1630696,Miami Heat,https://cdn.nba.com/headshots/nba/latest/1040x760/1630696.png
Jalen Smith,1630188,Chicago Bulls,https://cdn.nba.com/headshots/nba/latest/1040x760/1630188.png
Tolu Smith,1642449,Detroit Pistons,https://cdn.nba.com/headshots/nba/latest/1040x760/1642449.png
Jabari Smith Jr.,1631095,Houston Rockets,https://cdn.nba.com/headshots/nba/latest/1040x760/1631095.png
Nick Smith Jr.,1641733,Los Angeles Lakers,https://cdn.nba.com/headshots/nba/latest/1040x760/1641733.png
Jeremy Sochan,1631110,San Antonio Spurs,https://cdn.nba.com/headshots/nba/latest/1040x760/1631110.png
Thomas Sorber,1642850,Oklahoma City Thunder,https://cdn.nba.com/headshots/nba/latest/1040x760/1642850.png
Cam Spencer,1642285,Memphis Grizzlies,https://cdn.nba.com/headshots/nba/latest/1040x760/1642285.png
Pat Spencer,1630311,Golden State Warriors,https://cdn.nba.com/headshots/nba/latest/1040x760/1630311.png
Isaiah Stevens,1641815,Sacramento Kings,https://cdn.nba.com/headshots/nba/latest/1040x760/1641815.png
Isaiah Stewart,1630191,Detroit Pistons,https://cdn.nba.com/headshots/nba/latest/1040x760/1630191.png
Julian Strawther,1631124,Denver Nuggets,https://cdn.nba.com/headshots/nba/latest/1040x760/1631124.png
Max Strus,1629622,Cleveland Cavaliers,https://cdn.nba.com/headshots/nba/latest/1040x760/1629622.png
Jalen Suggs,1630591,Orlando Magic,https://cdn.nba.com/headshots/nba/latest/1040x760/1630591.png
Jae'Sean Tate,1630256,Houston Rockets,https://cdn.nba.com/headshots/nba/latest/1040x760/1630256.png
Jayson Tatum,1628369,Boston Celtics,https://cdn.nba.com/headshots/nba/latest/1040x760/1628369.png
Jahmyl Telfort,1643141,,https://cdn.nba.com/headshots/nba/latest/1040x760/1643141.png
Garrett Temple,202066,Toronto Raptors,https://cdn.nba.com/headshots/nba/latest/1040x760/202066.png
Dalen Terry,1631207,Chicago Bulls,https://cdn.nba.com/headshots/nba/latest/1040x760/1631207.png
Adou Thiero,1642876,Los Angeles Lakers,https://cdn.nba.com/headshots/nba/latest/1040x760/1642876.png
Cam Thomas,1630560,Brooklyn Nets,https://cdn.nba.com/headshots/nba/latest/1040x760/1630560.png
Amen Thompson,1641708,Houston Rockets,https://cdn.nba.com/headshots/nba/latest/1040x760/1641708.png
Ausar Thompson,1641709,Detroit Pistons,https://cdn.nba.com/headshots/nba/latest/1040x760/1641709.png
Ethan Thompson,1630679,Indiana Pacers,https://cdn.nba.com/headshots/nba/latest/1040x760/1630679.png
Klay Thompson,202691,Dallas Mavericks,https://cdn.nba.com/headshots/nba/latest/1040x760/202691.png
Matisse Thybulle,1629680,Portland Trail Blazers,https://cdn.nba.com/headshots/nba/latest/1040x760/1629680.png
Xavier Tillman,1630214,Boston Celtics,https://cdn.nba.com/headshots/nba/latest/1040x760/1630214.png
Drew Timme,1631166,Los Angeles Lakers,https://cdn.nba.com/headshots/nba/latest/1040x760/1631166.png
Nae'Qwan Tomlin,1641772,Cleveland Cavaliers,https://cdn.nba.com/headshots/nba/latest/1040x760/1641772.png
John Tonje,1642910,Utah Jazz,https://cdn.nba.com/headshots/nba/latest/1040x760/1642910.png
Nikola Topić,1642260,Oklahoma City Thunder,https://cdn.nba.com/headshots/nba/latest/1040x760/1642260.png
Jacob Toppin,1631210,,https://cdn.nba.com/headshots/nba/latest/1040x760/1631210.png
Obi Toppin,1630167,Indiana Pacers,https://cdn.nba.com/headshots/nba/latest/1040x760/1630167.png
Karl-Anthony Towns,1626157,New York Knicks,https://cdn.nba.com/headshots/nba/latest/1040x760/1626157.png
Nolan Traore,1642849,Brooklyn Nets,https://cdn.nba.com/headshots/nba/latest/1040x760/1642849.png
Luke Travers,1631247,Cleveland Cavaliers,https://cdn.nba.com/headshots/nba/latest/1040x760/1631247.png
Gary Trent Jr.,1629018,Milwaukee Bucks,https://cdn.nba.com/headshots/nba/latest/1040x760/1629018.png
Oscar Tshiebwe,1631131,Utah Jazz,https://cdn.nba.com/headshots/nba/latest/1040x760/1631131.png
Myles Turner,1626167,Milwaukee Bucks,https://cdn.nba.com/headshots/nba/latest/1040x760/1626167.png
Hunter Tyson,1641816,Denver Nuggets,https://cdn.nba.com/headshots/nba/latest/1040x760/1641816.png
Jaylon Tyson,1642281,Cleveland Cavaliers,https://cdn.nba.com/headshots/nba/latest/1040x760/1642281.png
Stanley Umude,1630649,San Antonio Spurs,https://cdn.nba.com/headshots/nba/latest/1040x760/1630649.png
Jonas Valančiūnas,202685,Denver Nuggets,https://cdn.nba.com/headshots/nba/latest/1040x760/202685.png
Fred VanVleet,1627832,Houston Rockets,https://cdn.nba.com/headshots/nba/latest/1040x760/1627832.png
Jarred Vanderbilt,1629020,Los Angeles Lakers,https://cdn.nba.com/headshots/nba/latest/1040x760/1629020.png
Devin Vassell,1630170,San Antonio Spurs,https://cdn.nba.com/headshots/nba/latest/1040x760/1630170.png
Gabe Vincent,1629216,Los Angeles Lakers,https://cdn.nba.com/headshots/nba/latest/1040x760/1629216.png
Tristan Vukcevic,1641774,Washington Wizards,https://cdn.nba.com/headshots/nba/latest/1040x760/1641774.png
Nikola Vučević,202696,Chicago Bulls,https://cdn.nba.com/headshots/nba/latest/1040x760/202696.png
Dean Wade,1629731,Cleveland Cavaliers,https://cdn.nba.com/headshots/nba/latest/1040x760/1629731.png
Franz Wagner,1630532,Orlando Magic,https://cdn.nba.com/headshots/nba/latest/1040x760/1630532.png
Moritz Wagner,1629021,Orlando Magic,https://cdn.nba.com/headshots/nba/latest/1040x760/1629021.png
Jabari Walker,1631133,Philadelphia 76ers,https://cdn.nba.com/headshots/nba/latest/1040x760/1631133.png
Jarace Walker,1641716,Indiana Pacers,https://cdn.nba.com/headshots/nba/latest/1040x760/1641716.png
Cason Wallace,1641717,Oklahoma City Thunder,https://cdn.nba.com/headshots/nba/latest/1040x760/1641717.png
Keaton Wallace,1630811,Atlanta Hawks,https://cdn.nba.com/headshots/nba/latest/1040x760/1630811.png
Jordan Walsh,1641775,Boston Celtics,https://cdn.nba.com/headshots/nba/latest/1040x760/1641775.png
Ja'Kobe Walter,1642266,Toronto Raptors,https://cdn.nba.com/headshots/nba/latest/1040x760/1642266.png
Kel'el Ware,1642276,Miami Heat,https://cdn.nba.com/headshots/nba/latest/1040x760/1642276.png
P.J. Washington,1629023,Dallas Mavericks,https://cdn.nba.com/headshots/nba/latest/1040x760/1629023.png
TyTy Washington Jr.,1631102,LA Clippers,https://cdn.nba.com/headshots/nba/latest/1040x760/1631102.png
Lindy Waters III,1630322,San Antonio Spurs,https://cdn.nba.com/headshots/nba/latest/1040x760/1630322.png
Trendon Watford,1630570,Philadelphia 76ers,https://cdn.nba.com/headshots/nba/latest/1040x760/1630570.png
Jamir Watkins,1642364,Washington Wizards,https://cdn.nba.com/headshots/nba/latest/1040x760/1642364.png
Peyton Watson,1631212,Denver Nuggets,https://cdn.nba.com/headshots/nba/latest/1040x760/1631212.png
Jaylen Wells,1642377,Memphis Grizzlies,https://cdn.nba.com/headshots/nba/latest/1040x760/1642377.png
Victor Wembanyama,1641705,San Antonio Spurs,https://cdn.nba.com/headshots/nba/latest/1040x760/1641705.png
Blake Wesley,1631104,Portland Trail Blazers,https://cdn.nba.com/headshots/nba/latest/1040x760/1631104.png
Russell Westbrook,201566,Sacramento Kings,https://cdn.nba.com/headshots/nba/latest/1040x760/201566.png
Coby White,1629632,Chicago Bulls,https://cdn.nba.com/headshots/nba/latest/1040x760/1629632.png
Derrick White,1628401,Boston Celtics,https://cdn.nba.com/headshots/nba/latest/1040x760/1628401.png
Cam Whitmore,1641715,Washington Wizards,https://cdn.nba.com/headshots/nba/latest/1040x760/1641715.png
Aaron Wiggins,1630598,Oklahoma City Thunder,https://cdn.nba.com/headshots/nba/latest/1040x760/1630598.png
Andrew Wiggins,203952,Miami Heat,https://cdn.nba.com/headshots/nba/latest/1040x760/203952.png
Amari Williams,1642873,Boston Celtics,https://cdn.nba.com/headshots/nba/latest/1040x760/1642873.png
Brandon Williams,1630314,Dallas Mavericks,https://cdn.nba.com/headshots/nba/latest/1040x760/1630314.png
Cody Williams,1642262,Utah Jazz,https://cdn.nba.com/headshots/nba/latest/1040x760/1642262.png
Grant Williams,1629684,Charlotte Hornets,https://cdn.nba.com/headshots/nba/latest/1040x760/1629684.png
Jalen Williams,1631114,Oklahoma City Thunder,https://cdn.nba.com/headshots/nba/latest/1040x760/1631114.png
Jaylin Williams,1631119,Oklahoma City Thunder,https://cdn.nba.com/headshots/nba/latest/1040x760/1631119.png
Kenrich Williams,1629026,Oklahoma City Thunder,https://cdn.nba.com/headshots/nba/latest/1040x760/1629026.png
Mark Williams,1631109,Phoenix Suns,https://cdn.nba.com/headshots/nba/latest/1040x760/1631109.png
Patrick Williams,1630172,Chicago Bulls,https://cdn.nba.com/headshots/nba/latest/1040x760/1630172.png
Ziaire Williams,1630533,Brooklyn Nets,https://cdn.nba.com/headshots/nba/latest/1040x760/1630533.png
Robert Williams III,1629057,Portland Trail Blazers,https://cdn.nba.com/headshots/nba/latest/1040x760/1629057.png
Vince Williams Jr.,1631246,Memphis Grizzlies,https://cdn.nba.com/headshots/nba/latest/1040x760/1631246.png
Zion Williamson,1629627,New Orleans Pelicans,https://cdn.nba.com/headshots/nba/latest/1040x760/1629627.png
Jalen Wilson,1630592,Brooklyn Nets,https://cdn.nba.com/headshots/nba/latest/1040x760/1630592.png
James Wiseman,1630164,,https://cdn.nba.com/headshots/nba/latest/1040x760/1630164.png
Danny Wolf,1642874,Brooklyn Nets,https://cdn.nba.com/headshots/nba/latest/1040x760/1642874.png
Guerschon Yabusele,1627824,New York Knicks,https://cdn.nba.com/headshots/nba/latest/1040x760/1627824.png
Yang Hansen,1642905,Portland Trail Blazers,https://cdn.nba.com/headshots/nba/latest/1040x760/1642905.png
Jahmir Young,1642443,Miami Heat,https://cdn.nba.com/headshots/nba/latest/1040x760/1642443.png
Trae Young,1629027,Washington Wizards,https://cdn.nba.com/headshots/nba/latest/1040x760/1629027.png
Chris Youngblood,1642959,Oklahoma City Thunder,https://cdn.nba.com/headshots/nba/latest/1040x760/1642959.png
Rocco Zikarsky,1642911,Minnesota Timberwolves,https://cdn.nba.com/headshots/nba/latest/1040x760/1642911.png
Ivica Zubac,1627826,LA Clippers,https://cdn.nba.com/headshots/nba/latest/1040x760/1627826.png
Tristan da Silva,1641783,Orlando Magic,https://cdn.nba.com/headshots/nba/latest/1040x760/1641783.png
Nikola Đurišić,1642365,Atlanta Hawks,https://cdn.nba.com/headshots/nba/latest/1040x760/1642365.png
Dario Šarić,203967,Sacramento Kings,https://cdn.nba.com/headshots/nba/latest/1040x760/203967.png
